time,flux_raw,flux_detrended
0.0022109655690272234,1.0003703948228182,0.9971743078138668
0.0032427402023222918,0.9982405970732356,0.9953747522536873
0.03676425584184895,0.9999318031347987,0.9973683680991251
0.05648133194714089,0.9984554023575682,0.9961861882644544
0.07257774350665869,1.0022206085025211,1.0002182555041361
0.08720698932602666,1.0030837823486245,1.0013395604359192
0.09137775782502944,1.0023809188533994,1.0008821326440198
0.09536969608870516,1.0050319790917668,1.0037589192879066
0.09878932974084054,1.0004407669110678,0.9993873963814743
0.10333450260298593,1.0032372275736752,1.0023809106400896
0.11254919240455241,1.0012196695437783,1.0005505625208972
0.14972602698642257,1.0039185931865082,1.0034198633234586
0.1604567805353052,1.0012233788963782,1.0008842763656436
0.162752912639044,1.004601610429749,1.0044070531557285
0.20051222070455188,1.0033608626172874,1.0032992817650523
0.2039239324351385,1.0026390447439513,1.0026977292601535
0.20870501111406303,1.002329276675997,1.0024960570158703
0.20891288139940678,1.0023653575285834,1.0026285382858113
0.2104104999404276,1.0024016394585067,1.002749851883553
0.2626056692603249,1.0009385487026448,1.0013601403853973
0.27230631085781565,0.9988161392176345,0.9992999294116767
0.30134389187122,0.9963425586807118,0.996877823785578
0.3024542707274067,0.9984733672111702,0.9990526279602422
0.34391421946546485,0.9987040999973452,0.9993167695472304
0.35531544485325783,0.9985906237632045,0.9992272618862909
0.38188275112016046,1.0009832324471009,1.0016365898756603
0.4006956385616677,0.99668955246576,0.9973467246872217
0.40543600726158535,0.9949259751121531,0.9955804458956014
0.41033679742192264,0.9967193985592835,0.9973657018953174
0.412717797146931,0.9969785572009234,0.9976082247438345
0.42512680745752696,0.9964361823897089,0.9970416161972825
0.4352030214310957,0.9961809092586833,0.9967555620756067
0.4354885807654544,0.9979544918840777,0.9984930892381438
0.442596983650147,0.9982529812814961,0.998748604939376
0.4576044939328451,0.9967577543682611,0.9972038838983686
0.458770482348567,0.9965644518938651,0.996956426620602
0.4698043204445743,0.9999691186389127,1.0003031910666427
0.49274735656853097,1.0010347783210818,1.00130526453882
0.4943444855540773,0.9985274918971458,0.9987292476858075
0.5239913660048497,1.0009748205395113,1.0011049257019728
0.5334144456511135,1.002681179446315,1.0027356626836914
0.5521428424239843,1.0026052137552126,1.002580635853457
0.5555562496278287,1.00560616386023,1.0054993472822882
0.5832721613108585,1.000524833412431,1.000334304912912
0.5844652970327774,1.0001463832513615,0.9998695611253243
0.6520069561618553,1.0050025811018262,1.0046358299132363
0.6680111488231164,1.0040265783712847,1.0035702420838568
0.6815436605903793,1.0019442509182623,1.001398021831493
0.6900245197922925,1.004989854172882,1.0043501172474583
0.7073083417727819,1.001000289062894,1.0002712336825206
0.7185001201189076,1.0029175495262457,1.0020950422753974
0.7382010956252715,1.0008042440595428,0.9999782898967815
0.7436591006081368,0.9993743536990913,0.9985610928056013
0.7916325181318243,0.9983468207917557,0.9975752901409058
0.8125280999863829,1.0008972404501137,1.0001750373548197
0.8427283278944473,0.9971432868685964,0.996449725530135
0.8550611274983568,1.0007670476488582,1.0000681990227616
0.8617856653552871,0.9979960559462246,0.9973404750276922
0.869344243323948,0.9971427203499441,0.9964239951968641
0.8770265821729778,0.9956459820763799,0.9949628560749774
0.9117788242438796,0.9993739332679216,0.998660718063299
0.91674817546194,0.998559842053936,0.9977932404300953
0.9458955504192998,0.9987777740279548,0.9979389120326067
0.9732110200884175,1.0001155596835896,0.9992125731852199
0.9776030384801331,0.9999015374053536,0.9989526289547824
0.9807302975035029,0.9979373046811603,0.9969041549768719
1.0085843347465584,1.0027761081953395,1.001580637148875
1.009586936855863,1.0052790528158253,1.003958312486277
1.0349533895005438,1.0059499819816458,1.0045297226602428
1.0448887953305976,1.0031398259744277,1.0016388830891003
1.0562224574698746,1.0028018666566543,1.0012268366028352
1.0640745244184424,1.003716786927194,1.002128812549016
1.077652445748737,1.002648016084854,1.0010429384199293
1.0966353630784074,1.0048021837315717,1.0031855950493374
1.0984461432672907,1.0050146595891196,1.0033220996159136
1.1045104119800366,1.0019317524186209,1.0002474657671048
1.1561109532707134,1.003602142589028,1.0018682236751577
1.160335785540838,1.005944651470256,1.004229153095421
1.1670180861504638,1.005881007698981,1.0042847597488382
1.1722884561974802,1.0014553239755897,0.9999578067657238
1.1763550229238955,1.0060685254876403,1.0046328633223112
1.1769695225740948,1.003279978967541,1.0020031652044639
1.1944045850713607,1.0033494646172745,1.0021885691321506
1.2160687631085298,1.0023976841842817,1.0012754206377223
1.2185136881407879,0.9984040644435376,0.9972631256366076
1.2226939970535717,1.0033234676827132,1.002257315163162
1.2391712694586068,0.9986734468305956,0.9976755640910845
1.2736782309622805,1.0022958087660159,1.0012963855221326
1.2781675054188986,0.9978722288032759,0.9968640507064658
1.2941134933712641,1.0020670376571075,1.0010976699607814
1.3027329512190844,1.0001389549459525,0.999205900843058
1.3116338867952573,1.0006298823972555,0.9996330961406662
1.3256225268149606,0.9976204625513404,0.9965885729196987
1.3804101144905427,0.994898612947376,0.9937770454929268
1.3895688166516973,0.9965566985086494,0.9953924425066573
1.4013255726235951,0.9992263472707652,0.9980506447536585
1.4064606285164691,0.9995086089855579,0.9982840320951234
1.4196691381583508,0.9970507198933695,0.9957512648052129
1.4293623882478919,1.0015819373991657,1.0002084024690279
1.456806405597424,0.9996400592105232,0.998130688381134
1.4591385230295089,0.9964267871468732,0.9948471439408143
1.4606692890018065,1.0002602627091701,0.9985208697454775
1.4845034828841532,0.9990170284136839,0.9971933469946574
1.4936264186094947,1.002543102174852,1.0006466588228853
1.504106971018719,1.0017518646896262,0.99983283474716
1.5764463987828625,1.003986587342911,1.0020213435525476
1.5898081364899403,1.003388478694307,1.0014373390978584
1.591365922281566,1.0062581027411692,1.0042405078924683
1.6113032084583454,1.002455263995382,1.0004244508219828
1.639969819608109,1.0049884215794698,1.002951014838284
1.6688044692206039,1.0040608359808687,1.0020644157441345
1.7196532016365098,1.0005422578209753,0.9985563997634662
1.7263408260944146,1.0022482796842236,1.0003063960835015
1.7300074395336518,1.0003972672433896,0.9984766591592729
1.759255162788793,1.0053256159561057,1.0034480940387542
1.7982789655243152,1.0019731406823391,1.0001545814793829
1.8029099670751267,0.9965583257642494,0.9948182763518426
1.8211131485113965,0.9984770549525412,0.9967403480062983
1.8504877690790278,1.000128555903048,0.9984197441122471
1.852831445574686,1.0012573569624565,0.999558234629521
1.8661483630304923,1.0005945677907535,0.9989819124400797
1.8895191133917506,1.0027405213285208,1.0011558888052403
1.9117398490703623,0.9995099350458488,0.9979049717619197
1.9222481720074809,1.0020406444247012,1.000416018880257
1.9321230357134724,0.9974169656237553,0.9957764850109329
1.9587293902766336,1.0022933366160018,1.0006191991163624
1.9911500732884941,1.0013320480730286,0.9996843838849444
1.9938286681079789,1.0015672187536757,0.9998342309713885
2.0326457190630762,1.006088006545099,1.0042482804692814
2.0575097293325157,1.0060670823088882,1.004082085442891
2.108325153343267,1.0047764800944419,1.0027468294790916
2.1135666310452943,1.0102308041112653,1.0080207628078806
2.1370219399315404,1.0076304438516954,1.0053543192086252
2.1428763402064246,1.0041542809501818,1.001741027114623
2.1479243966303523,1.0001058270631151,0.997604335126527
2.1601760401384853,1.0053111212452985,1.0027420726960723
2.1677171495592713,1.003806966403886,1.0011052108286524
2.185309032760795,1.0029210577812355,1.0001021742661882
2.1923729324943504,1.0029758860620366,1.0000409544969109
2.192422946924397,1.004262899841146,1.0012536854993883
2.202748842146562,1.0062956307882915,1.0031666708982099
2.2054858770516375,1.0016439564414783,0.9984805447567644
2.2080623515376008,1.0034210403573116,1.0002711884147917
2.2111498543783195,1.0031103324827368,1.0000083970517017
2.2169882701586703,1.001734274976126,0.9986914014208073
2.231622251996443,1.0035021219199587,1.0004906057877143
2.2462646849758467,1.0060190653566945,1.0029948501066852
2.250403282138893,1.0036189550987369,1.0005993202491352
2.253935478956703,1.0024564800808113,0.9995388557163107
2.2700577815982674,1.0009010800902787,0.9980064477239429
2.2902014910213078,1.0012261200041737,0.9984457275200309
2.292412406179075,0.997653311704615,0.9950546803692204
2.3436492008115106,0.9997880330601094,0.9972989830616049
2.360009051626216,0.9993655429247871,0.996926940420515
2.390876306853244,1.0007392988888888,0.9982980357339095
2.405591133662232,1.0018438283059217,0.999389557029904
2.410971337276514,1.001508538706199,0.9990594264315062
2.4138796470572057,0.999787409492978,0.9973027939861467
2.4254604109538285,0.9992406552606928,0.996676649044252
2.4260689187101687,0.9990164415398254,0.9964147034065618
2.4533619309067567,0.9994625119081206,0.9967754332332089
2.4650012394864493,1.0001750726230383,0.9974534526002051
2.48683337851703,1.0019515281306108,0.9991095301095735
2.4870829139604824,0.9997555324790645,0.996873295832865
2.4890246289459905,1.0031460044863119,1.0001951019519286
2.5108844925836316,1.002875147726271,0.9998744240604913
2.5198211799851604,1.0017510278812873,0.9987041781354579
2.5225308565490456,1.002231407313881,0.9991682933227944
2.574712410239213,1.0068149171297778,1.0037184717127314
2.579300321994745,1.0070409812689356,1.0039120896039384
2.5842379485344518,1.0101073298191305,1.0069779759517201
2.6150225772286335,1.0068565337518747,1.0037803320367935
2.6200302832492532,1.0043985272180207,1.0013013890418578
2.623309354317669,1.0043253745607421,1.001248653777566
2.6509679627796086,1.0064297928776313,1.0033709494652652
2.65485844039319,1.0072335380397104,1.0042532094182022
2.6689846830926327,1.0082333828025034,1.0052843349462053
2.7014757404636285,1.0028870149113995,1.000001713041034
2.705790483040185,1.0047257122829618,1.0018691119262133
2.7117677305391243,1.0020287928853753,0.9992084255406628
2.731912760840098,1.0044364210233474,1.0015758999123898
2.74714337650384,1.0011079822077884,0.9983217372518033
2.7711519986914883,1.0051801180376043,1.0023284422883296
2.777756905291254,1.0004836055668123,0.9975873574212747
2.795064979027257,1.0026849975556145,0.9997256839357154
2.8048742765459864,1.001466136258417,0.9985966266297818
2.831524936056015,1.000612495489892,0.9977066441309934
2.847038384847172,0.9966388882216984,0.9937325367111947
2.8534662313791044,0.9999626559270619,0.9970563150488057
2.8595290965339735,0.9981012130674788,0.9951177339241128
2.8634920358658764,0.9988318185589908,0.9957809422134586
2.8762812410846323,1.0009287329290009,0.9977347236768921
2.925126812468857,1.0059868063761899,1.0027194206824126
2.9453813261365607,1.0048799674175242,1.0015361797543343
2.9492963487452393,1.0022388194834029,0.9987611202493647
2.9497984214713973,1.0020068938034499,0.9984488027877612
2.972840304025814,1.001349056633478,0.9976794289643791
3.007588633408325,1.0014075535870088,0.9975424331064607
3.0385823265442236,1.0054776694298608,1.0014639078261098
3.064745117050624,1.0045495440875838,1.0004592368191028
3.082279216626297,1.0094003552087325,1.0052541944258495
3.0883904717293964,1.010323658708036,1.0061215681386766
3.1126823922187583,1.0106290041194488,1.0064203514128667
3.1216966671409843,1.005125483170242,1.0009079809641723
3.1251024706256176,1.0053834008104263,1.0011706934115994
3.135385164780743,1.003947403552586,0.9997341914387923
3.1582038716921255,1.0074373594232304,1.0032329928330175
3.1697578041702092,1.0042154317452767,1.0000583836555814
3.1729852975168784,1.0046327597735056,1.0005141771491834
3.1766446184614567,1.0039716407537214,0.9999362757944245
3.2148818564471293,1.0035537676803519,0.9996656836703968
3.256973981738741,1.0064734758348048,1.0026664125800528
3.2873675977724495,0.9971783507911048,0.9934737360723599
3.2896672497201096,1.0031085099034271,0.9994123523384114
3.3005758400776366,1.000135425926509,0.9965221591774405
3.3382613287458467,1.0056022522546997,1.0019047555669143
3.345921267946497,1.0024978812055847,0.9987869685501866
3.346643728715887,0.9988331117968042,0.9951118037312034
3.3663253329862597,0.9995348500803355,0.9957830683174023
3.3670066996831487,0.9996484961725982,0.9958643926346092
3.3823320401783734,1.0031324826968722,0.9992469662162263
3.4151135882370136,1.0046382175368533,1.0006264800620972
3.427866837970957,1.0018534861039077,0.9977522867630395
3.439488751067591,1.0015793923432887,0.9974883431994556
3.4455300538865608,1.0041383404596955,0.9999084809057648
3.4730423327532605,1.0030358136249868,0.9987083060352612
3.4888454977166234,1.0045082612117264,1.0000669794920878
3.5014469552402376,1.004493611811935,0.9999309693510293
3.53416366793018,1.0036882801177043,0.9991239976619009
3.5401078391228156,1.008178454430278,1.0035373835027284
3.5501654712104402,1.004573088605023,0.9999563017757008
3.58819662791538,1.010556663764226,1.0059003914569367
3.591064963959518,1.009056060965738,1.0044316800912905
3.604078691729303,1.0072241355521325,1.0025970683339618
3.607740807884769,1.0043473446206754,0.9997685558426859
3.6309803569441494,1.010235045004899,1.005647250586711
3.6345644280846896,1.0074718103956382,1.0029250733329242
3.6617117549987084,1.0083361488438887,1.003855777320133
3.663179022376951,1.0094585370447404,1.0050720132464754
3.696122287122086,1.003501821013588,0.9991895213299745
3.707912651776234,1.0061074687815252,1.0019066051097238
3.737220465102924,1.0036196084113211,0.9994889860893753
3.7522936452913402,1.0044640440287758,1.0004006794954055
3.7532536107302947,1.004710550680965,1.0006103506734163
3.7662824055093154,1.0000045331294019,0.9958592038398004
3.778688663743673,1.002450150943369,0.9983151773430317
3.824904327950092,1.0017760378162004,0.9976726672981958
3.877226159817835,0.9985789993231008,0.99450981266722
3.922120817202252,1.0001704863976757,0.9961560287071044
3.9389181367979016,1.0023075086482809,0.9982034451463481
3.9429648985800885,1.0035292366877466,0.9994405751804439
3.9639444000939044,1.002509172449759,0.9983205115823477
3.969387315817527,1.0015495560859549,0.9972643012237545
3.978796517134414,1.0012212648209642,0.9968527815296938
3.988516778269745,1.002809208824612,0.9983968743439336
4.016996718536797,1.0029411468750948,0.9985188993985968
4.024674207047623,1.0059364874744907,1.0015061464556945
4.06086804529307,1.0063757097811172,1.0019207461098514
4.080441213398166,1.0049904622130028,1.0006343896780645
4.096708651517728,1.0069864121142282,1.0025898678765748
4.1024233299052115,1.0112347509710429,1.0068440729981853
4.116303746219078,1.008182285742074,1.0038512665605739
4.132903908368874,1.0072107667805528,1.0028334548051112
4.217083527652949,1.0064587323174934,1.0021982289516482
4.233148171408894,1.0070230464761076,1.002794675780536
4.249008287855827,1.000911688073321,0.9967862174697927
4.253407094771186,1.0029826579222996,0.9988454812038733
4.284336873704598,1.001549092902993,0.9974603351520541
4.291910391907514,1.0012887793930714,0.997250647456775
4.348863389588801,1.0055727715733485,1.001571520604553
4.374022701922938,1.0022623085389355,0.9982870710907761
4.374427600364335,1.0034978983538239,0.9995219789327233
4.375874841297626,1.0018805290438346,0.9978483128019974
4.406940855618522,1.0070628968908122,1.0030284954751798
4.410117666082337,0.9975858404613406,0.9936398904161434
4.433585859049842,1.0011403251995186,0.9971812391761848
4.449042735916312,1.0016606760656586,0.9977096579094976
4.451377640437663,1.0019048728625668,0.9979494933670039
4.454946146366574,1.0045369652504312,1.0005756606362421
4.45679395635701,1.0029450256719288,0.9989539821721017
4.470119209675247,1.004530727016887,1.0004914111754686
4.480322873587754,1.0056980372754862,1.0016121614088904
4.502093674854705,1.0049105131654545,1.000715132723863
4.522004311402649,1.006688810417153,1.0024629805356866
4.54659372515364,1.0052244681393698,1.000986893097219
4.616159830344757,1.0062133585388826,1.001996275019061
4.619209388537675,1.0057431436472106,1.0014683415623151
4.631768905769009,1.0076867899363184,1.0034062262987216
4.6605170386683294,1.0053435365701344,1.0010169879266588
4.675800525131257,1.004816146493056,1.0004271870186163
4.69886644454545,1.0076571084973212,1.0032688193859318
4.722156612371783,1.0037377530898262,0.9993735320719097
4.7371974159822985,1.0061972607596474,1.0018394102642412
4.747363167303767,1.0040517108072715,0.999682044244397
4.833920015835782,1.0009304065153675,0.996545281369111
4.843534715675979,1.003777854956541,0.9994015977224444
4.855242467822021,1.0038485176380305,0.9994485128988603
4.861417247140556,1.0022880595184278,0.9978847054597415
4.872243574352481,1.0046914970755234,1.0003168276509948
4.9039787521932645,0.9987797644173754,0.9944351658204263
4.91451782484987,1.0045241848140047,1.0001301874761288
4.9272767222445,1.0010679431139435,0.996655095790455
4.938874936749353,1.0025463879696235,0.998091546697196
4.9627990442096275,1.0044990677661425,1.0000099299281942
4.9673181266156,1.0025563465819352,0.9980430806567283
4.991922837683333,1.0047638112604873,1.000217857789091
5.00369160398621,1.0044219675879726,0.9998357024491706
5.0464012210213145,1.006332974464599,1.0016548759617485
5.067736461190775,1.0115694613892645,1.0067687813886557
5.0849066806403425,1.0039744110592976,0.9990745064014451
5.088883633785806,1.0072673840828348,1.0022047317854386
5.108486874317168,1.0086788450705881,1.003401773630504
5.15718779500137,1.0054437288224716,1.0000243892630973
5.166064459455028,1.0071829103112753,1.0016115067315043
5.184813880277123,1.0076902415798774,1.0020116492513857
5.188225297503723,1.0076942724553932,1.0018468767526463
5.2124773506050435,1.0078995597373777,1.002008695226612
5.219720118660192,1.0082131967071157,1.0022135895693016
5.234628247513731,1.0048554383528663,0.9988470061302017
5.244019935626813,1.0053824667989106,0.9993004547222822
5.251441667699494,1.002137259643614,0.9960131014719799
5.260213229316892,1.0045962941228326,0.9984720489565089
5.274513357041931,1.0013361957057667,0.9952181818190818
5.292255575130764,1.0037152881023246,0.9975495949696269
5.294269258982998,1.005320190849611,0.9990500695560106
5.300343138293601,1.0043522750131517,0.9981809471377858
5.301354004868562,1.0037064106381828,0.9975829422941656
5.355873603721417,1.004101944497885,0.9979565972508523
5.371462015497263,1.0045729117352504,0.9985102861717445
5.377270248002409,1.0007804635840023,0.9947504890643046
5.381858389409147,1.004822465215946,0.998756691247264
5.410835503991658,1.0012497305207264,0.9952182305193676
5.437786537297013,1.0024810284442829,0.9964868398117065
5.516211181907684,1.0076198602505626,1.0015646119954977
5.522657207753548,1.0067661791223153,1.0006540942865654
5.544443917665862,1.0071375630542772,1.0009632575761291
5.556532666908508,1.0079152374501916,1.0016815143243474
5.557620132449376,1.0102374669843046,1.0039127188306254
5.564584641022402,1.0079520030404738,1.0015501818965376
5.565108475266365,1.0093292986269575,1.0028139744589346
5.565551479701143,1.0092963967509399,1.0027266899439677
5.569256712623366,1.0121311491577007,1.0053882827700713
5.583145020211155,1.0110377462632485,1.0042431430189798
5.590351346866193,1.009811149418062,1.0028979856682771
5.6027888078692865,1.010014363565275,1.003036874293186
5.606168252300761,1.0089453836469469,1.0019251052797096
5.622704011951289,1.0083786683215434,1.0013340592249336
5.623112019936178,1.008676891031944,1.0016114895226063
5.640901686703308,1.0087093467922297,1.001616966829428
5.650139593747956,1.007685062867512,1.0006433284833698
5.652017749800975,1.0077414515520968,1.0008094538977894
5.6589828960990785,1.0083610199827282,1.0014152616852114
5.687620943959707,1.0072708106541413,1.0004014318719243
5.712290602867778,1.0068272887971137,1.0000406961445762
5.746450461367025,1.0057026699392537,0.9989784278159732
5.749242502210483,1.0077690551098475,1.001136817927613
5.778321702525349,1.0065187821300656,0.9999124019343909
5.785943618370875,1.0067430838084541,1.000274517486011
5.814258326290623,1.0063619682169418,0.9999368711701946
5.818647076442814,1.0023220318142891,0.9959350891732357
5.841943551546074,1.003364941382724,0.9970491638724894
5.8869568678358135,1.0037110539093441,0.9974961788032823
5.904417771217247,1.0041496322848789,0.99796101308305
5.915147349539233,1.0044391390077951,0.9983218399242876
5.925468180204702,1.0064403569951468,1.000354748771499
5.935570650034754,1.002725168441732,0.9966570443964684
5.956289580794463,1.0048834109938507,0.9987921442572552
5.959729164337541,1.0020794502390948,0.9959756190954159
5.9636862080319,1.0054621196573843,0.999310242960223
5.975035369259504,1.001830245272766,0.9957080260941292
5.992508728260774,1.006375370975619,1.0002238500149632
5.9982406870976614,1.008332991676078,1.0021710202999188
6.012923411241398,1.0076335150383278,1.0014543308937294
6.019548390029329,1.0044832495146148,0.9983692978690532
6.0283028075462415,1.0053539703443186,0.9992317532483938
6.0366500157156695,1.0084051153265599,1.0022468254836197
6.087510728260918,1.008310868925491,1.0021553010549114
6.088457082150637,1.0041749443299772,0.998064373651603
6.089441875465174,1.0113675398463113,1.0052056168647168
6.099935599883213,1.009052379297534,1.0028595759618926
6.124989246233484,1.005988075267861,0.999816825632167
6.150655777005715,1.0091808202064056,1.0030209124445146
6.163107233731802,1.0129613116976492,1.0068177447674498
6.197133085286465,1.0074449252834576,1.0014367985621209
6.203617128436909,1.007199125075715,1.0012675401416358
6.212428852453853,1.005927778696342,1.0000281479217838
6.245128404051425,1.00731608709014,1.001440894715438
6.274802993059319,1.0054049642523872,0.9995690490297205
6.276954211314366,1.0064049175953775,1.0004951942790294
6.282532230107784,1.003098360756375,0.9971910575993606
6.29045721041687,1.0057170726468914,0.9998152401146552
6.298926386970745,1.0016260501376482,0.9957288214115664
6.3622353112538015,1.0038101344502772,0.9978295206279688
6.38448469734678,1.001261163778056,0.9951999627438282
6.388194916049023,1.0029872099665222,0.9967684090169209
6.39917542860735,0.9999593641954558,0.9936346156308952
6.411911939683179,1.0035374869638798,0.9970425821401655
6.432747454235118,1.0038439108602366,0.9972771763925643
6.440829929911695,1.0011353854476794,0.9945621710016164
6.447151965851042,1.0079312094356578,1.0011529368401189
6.4609176427176775,1.0062476494429424,0.9994125187263943
6.47377573242889,1.0033614061072584,0.9964640431134721
6.503109238537861,1.0047163225080216,0.9976912289218219
6.508096394873174,1.0064892814760755,0.9993038190562927
6.525512205625741,1.0065619062210223,0.9992521358308859
6.5364474091822204,1.0079413653264655,1.000488831406607
6.539934775291216,1.0039343121695903,0.9964119648143316
6.546071751657796,1.0118650752273968,1.0042159173523806
6.5577935993646985,1.0073969063629797,0.999733392499236
6.559979035770108,1.0112916333673396,1.0035526826462164
6.5670071789749525,1.0086822817872363,1.0009644895039571
6.578992112495598,1.0141494563758895,1.0063946517640048
6.605814250691146,1.01134352571155,1.0036384780103431
6.605886041827199,1.0116959097416471,1.004027446699609
6.615892041003259,1.0119892525983505,1.0043917008849965
6.61852597215948,1.0097364190035045,1.0022167919832112
6.628463914181038,1.0098579806640382,1.0024048893829405
6.648558804903407,1.0091787027294832,1.0017388959498024
6.650667107763016,1.0101196707656086,1.0027963641449444
6.657112828773141,1.0094626489790004,1.0022571678670495
6.682855144509623,1.0095400050689056,1.0024036199044348
6.712841722806605,1.00636353149077,0.9992556452820179
6.717546101117678,1.0069561301786838,0.9998271541631896
6.743147489400404,1.0079848356254542,1.000838277530057
6.7487662260881836,1.0067054679494245,0.99957729440456
6.762294865705681,1.007134206321393,0.999968962858176
6.76649133313458,1.007356836433832,1.0001647305039705
6.768937561732719,1.007712404613365,1.0004651202029067
6.797980909469781,1.0059769121542774,0.9987828985605381
6.848152726674193,1.0034706612744018,0.996194415896485
6.874668424242518,1.0020938978053,0.994767455169522
6.948398854995419,1.007436652356142,1.0000254702115694
6.953635732160244,1.0039355979210927,0.9964737572691509
7.0502584834357656,1.0088680270723707,1.0011805276895718
7.058350597784468,1.0123673011269019,1.0045777835239407
7.1012449852656845,1.008456005441254,1.000641340867528
7.108587980279796,1.009568422529059,1.0017223514018159
7.117479345181463,1.0103919840248683,1.0024517007335614
7.1368554414255625,1.0065536466754204,0.9986192772834436
7.138731487233272,1.0079440837647657,0.9999849927292361
7.157599794409812,1.0123613875251358,1.0043276947998623
7.1827153422445145,1.0102430913855474,1.0021923134997617
7.206456999360638,1.0102955160710012,1.0023078753945875
7.23551833664209,1.0081397234393268,1.0001872283530502
7.236570153184636,1.0036646015067334,0.9958079745764706
7.2393596184046825,1.0054197701166656,0.9976404467910199
7.2444844313106,1.0028114721643628,0.9951739675024218
7.272295293115221,1.0075359417057057,0.9999555269228648
7.281448502227246,1.011356524590535,1.0038117636619295
7.294759220619011,1.0023687485106356,0.9950364676025514
7.298351557200154,1.0075329786013172,1.0002446729847028
7.329956044763121,1.0067750591751299,0.9995828461689639
7.330279584513375,1.0049533640962307,0.997907654536362
7.3416485689921505,1.0016364928991541,0.9947353874107565
7.372115060687033,1.0024044399912018,0.9956112136682156
7.38327099719674,1.0001121152471424,0.9933938222911327
7.393739714633045,1.003970187071598,0.9972667909469206
7.404075309367221,1.004778393079389,0.9981669997917048
7.416052826675989,1.0061931896094376,0.9995269807269099
7.476348331242079,1.005937871971236,0.9992709465055157
7.478483943406016,1.0047392869413547,0.9980624245185701
7.490446920199404,1.0055191536566221,0.9987897739409819
7.502922606786374,1.0071277733171995,1.000298682278676
7.506637031088974,1.0081436735648979,1.0012308756791553
7.518140880720366,1.0107631931135983,1.0037306876975376
7.524561691837265,1.0123075619877326,1.0051743109437052
7.554654497765797,1.0092053218319426,1.0020391290893027
7.559998678791468,1.007200359398212,0.9999476439534346
7.572878477463862,1.0121231538135511,1.0047709299357255
7.593339099228529,1.0151551418970832,1.007695453589139
7.615433357700363,1.0087353506728114,1.0012452944203747
7.668677126217448,1.0088509846536697,1.0012607099333362
7.673919332351995,1.00947496441038,1.0019246665861188
7.682828353212521,1.0095393425169392,1.0020282315348368
7.696989688321235,1.007753728216743,1.0002245516820645
7.725762043660246,1.0053996739844846,0.997927948024569
7.736488651685752,1.0090127601620158,1.0015181093683019
7.743251379602434,1.0072723476660874,0.9998229215113148
7.751788822588405,1.009490797627336,1.0020398209848935
7.781434750662255,1.00726808890413,0.9999264176021988
7.788089901719166,1.0080043533808372,1.0007053672029682
7.792564472195683,1.0059539720020665,0.9987252289120556
7.800031853662374,1.0070126228930507,0.9997911110089617
7.832333476306275,1.0033857424013912,0.9962498771731361
7.847703357020554,1.0056323333557626,0.9985260417941738
7.89721414539547,1.006663327728153,0.9994540234344678
7.912405074661318,1.0075477012221816,1.0003370151671205
7.915116652933843,1.0043848921320453,0.9971483115845177
7.9302792524983925,1.0065412669773748,0.9992450220784067
7.937301570150908,1.008169966731044,1.000823878357467
7.945934031400243,1.002723799275992,0.9952962263084579
7.946287529962216,1.005157424600607,0.997540355312553
7.9519588399302155,1.0072373174765705,0.999503359872609
7.962157143492612,1.005856305843488,0.9979838862624036
7.975727104446603,1.0056088086106476,0.9977132032426881
8.004509028442572,1.0089044094988844,1.0009029048139755
8.015240937978346,1.0074992527641984,0.9994495956023743
8.0163409335351,1.0086227667986347,1.0005909298237443
8.052625619567895,1.0066299563920413,0.9985858053859731
8.061637978036387,1.009036348439049,1.0008729600276112
8.116473658586527,1.0114479819944604,1.0033529656436002
8.124334816166868,1.0106782377235055,1.0025707527890024
8.128440671432395,1.0107539755900878,1.0026836921519786
8.152564579093413,1.0112909109607204,1.0032427741270573
8.159518746082236,1.0127193162896218,1.0047808111186227
8.191279818893058,1.0093453268205734,1.0015236987629434
8.198860912557855,1.0095598700361377,1.0018151872268573
8.21126130373397,1.0093703148526652,1.0016696451269715
8.22873798209963,1.0076821443126482,1.0000992303099576
8.252452478514197,1.0062294357217085,0.9987071915673945
8.260807402123216,1.0092200538539056,1.0017585206346116
8.274683339898047,1.0047551790923654,0.9974107187396484
8.295825312717245,1.007620512181171,1.0002716387147976
8.295875617920448,1.0060594993362713,0.9987092197027804
8.333547228833071,1.004917063998339,0.9975636640499043
8.33627371046095,1.006239944666992,0.9988210878584403
8.336430037201206,1.0065723397902722,0.9990276420383944
8.336631150817876,1.003565777847671,0.9959925524455744
8.383736028457069,1.005309118840125,0.9976772862245296
8.411476588740191,1.0048232767999816,0.9970563052376252
8.431053020256563,1.0046537440141614,0.9967266233822344
8.469061651407442,1.0031421751369187,0.995125722089184
8.487486547988313,1.009710176454547,1.0014947782028387
8.497485104885122,1.0101749541362173,1.0018895054222061
8.50936791310401,1.0065237141959875,0.9980947902699933
8.553273222196253,1.0101944869683814,1.0016034159744915
8.566708009148664,1.008341374827576,0.9997491544581418
8.597739097192324,1.0107022103781946,1.0020055817972962
8.603115315400716,1.0102021410043704,1.0014321408682147
8.604025002641624,1.0141859220503262,1.005349856355848
8.606693512310661,1.0087685280461212,0.9999121636628685
8.675610286673574,1.0074939021014555,0.9985834440776227
8.693476374644318,1.0099243172886925,1.0009654205080738
8.711688540338555,1.009499327948247,1.0005286141882048
8.719890674035812,1.0137411129861085,1.0047777232176176
8.720296455665506,1.0082832364348082,0.9994100422616178
8.749738917977034,1.0117048661284402,1.0027772150184917
8.753983859925519,1.0096144766260655,1.0006886802703197
8.772560414347295,1.011246218930198,1.0023439348804382
8.784209550979991,1.0081020841996255,0.999213035071648
8.808361112532479,1.0035929797833973,0.9947371390888409
8.828141017220045,1.004502872526501,0.9957421937973598
8.831697100618532,1.0073846952057226,0.9986671101862019
8.848850578053788,1.0042706898853668,0.9956749584945762
8.865055228555551,1.0107058967775435,1.0021330975257354
8.87766531131574,1.0022575882618145,0.9938054427062433
8.890536604156905,1.0047230679175916,0.9962647179426103
8.925716776003632,1.0074837265158825,0.999027358729476
8.979667282377262,1.0082802339581851,0.9998288875897464
8.984347660672405,1.0074609864968769,0.9990695203785596
8.985001082469456,1.0113124852069215,1.0029260503956294
9.003927671979016,1.0092842577227732,1.000906902273066
9.04058314740952,1.0126305469992853,1.0041607119134115
9.059684585560726,1.0102335672321054,1.0017352957070993
9.063154206148493,1.0132570551327549,1.0046479754242859
9.07177291390621,1.0118749454176716,1.0031375981453556
9.078207158726658,1.008336764718513,0.9995282773495613
9.08116728291345,1.0092431884569821,1.0003146058861083
9.100792353085469,1.014281719130687,1.0051969485597887
9.13618200290566,1.0122038116989613,1.0030932883830963
9.141719460208837,1.0144888575312268,1.0053309786291287
9.14411283968682,1.0136612019316906,1.0044360258590637
9.155679295384925,1.0098616589163196,1.0005776613252946
9.174893059197306,1.0093932002899666,1.000086013143399
9.211421432224906,1.0105691438713436,1.0012231799399798
9.229426566255444,1.0104837146204049,1.001150924876517
9.254623511906328,1.0078126265520424,0.9984750096656305
9.2633246180278,1.0098776143957118,1.0005041212862744
9.265806436073474,1.0083018810094575,0.9990166103755579
9.273312379304773,1.006912596350058,0.9976915969987965
9.274140790004344,1.0088705740154051,0.9996442605822209
9.279837298528047,1.0068440377695713,0.9976715214328138
9.337147647795526,1.003689030747125,0.9946497241870919
9.339416379653166,1.0096768643361642,1.0005912210339902
9.363457445766104,1.0023429175772403,0.9933006739981805
9.369679132806217,1.002938040656385,0.9939535951245367
9.370717138516548,1.0079123355753523,0.9988969842418741
9.372943611055684,1.006789628547978,0.9978628913359708
9.397135589962817,1.0052848203427631,0.9964652814211824
9.417527534348759,1.0106508353234578,1.0017877420020382
9.41760487041242,1.0060155484325062,0.9971696840776519
9.420108948911231,1.006671143087079,0.9978645758402042
9.42103207607257,1.0069917658893968,0.998217603958063
9.43700023958283,1.0086267892130842,0.9998152306386681
9.438288156744115,1.0088674758689453,1.0000320177985242
9.453388838621914,1.0107148071494854,1.001739453419276
9.453770064079718,1.0071092554592167,0.9981075070232871
9.464561634896668,1.0083519213771024,0.9992581157843148
9.48664735668351,1.0086824986378027,0.9995345443076962
9.495073156955451,1.0069616011439615,0.9977854306775814
9.495990530398025,1.0089988823228249,0.9997465913993627
9.511477570052417,1.0109122227553582,1.001649351700471
9.519169251959669,1.0107498032888116,1.001534505490022
9.56514624097532,1.014870668720925,1.0056111410935036
9.575063553073209,1.0126252471936428,1.0034193700626317
9.586758411892868,1.0104498308776273,1.0012221124979785
9.594712438391522,1.011488213315729,1.0023806839368317
9.609701374371408,1.0110129907679755,1.001928935174893
9.610857035287594,1.0114035255013676,1.0023228913380102
9.618474936562738,1.012422717758321,1.0033122306691868
9.62315701578819,1.0140882916927665,1.0049593654028575
9.649734300445758,1.0141268976099522,1.0049214848400279
9.678427915431566,1.0100485863344875,1.000918372271105
9.71641842140881,1.0115908076193882,1.0023940715744444
9.731440425250167,1.0100542284509222,1.0009022199783157
9.768293701802481,1.0081139705910636,0.9989359802613859
9.769066169346678,1.0074239937446947,0.9981996399212885
9.781472546367558,1.0068343518107232,0.9976409025636165
9.801760211689878,1.0065865246387296,0.9974340950114148
9.816560585665561,1.0093359956253223,1.0001028568803862
9.825217609324651,1.0089380760766455,0.999616014149641
9.833061143424066,1.0085794931567924,0.999184131646569
9.837225348517148,1.002326797041139,0.9929056786863961
9.869056693491002,1.0091103696715706,0.9995895774707693
9.870316592015568,1.0072762676782898,0.9977134445676371
9.874416400038843,1.0084537686409139,0.9988950004208409
9.886401828393831,1.0064795355897949,0.9969167720002339
9.886845262783078,1.0072518513139912,0.9976383472102823
9.916170200538774,1.0099941423760412,1.0002668827964911
9.937438022243853,1.0099054436284012,1.0001545203835052
9.945971020349058,1.006311292207145,0.9965025137472491
9.959620725385026,1.0070455579721938,0.9972023095586743
9.964049383028753,1.009705437211855,0.9998009359588385
9.97086170957349,1.0094561017172021,0.9995664112519149
9.987888681045828,1.0079197010074765,0.9979511284699678
10.000465266648487,1.010060763448112,1.000100794947661
10.043778138955545,1.0103966234309147,1.00048281452813
10.054704976041025,1.0132589043755387,1.0032530605101406
10.082142493443774,1.017324864315519,1.0072154135669265
10.105888923327097,1.011310740889275,1.001235239504435
10.127946998633005,1.014113045694221,1.0039567515388421
10.130009242035548,1.01407098503042,1.003911705223988
10.170278925921254,1.012416843895801,1.0022695544650149
10.209265145286937,1.0110730327963358,1.0009170286421794
10.215973008771316,1.010955501133844,1.0008242368962004
10.2216144174433,1.0085729671364911,0.998454543122103
10.22203293281437,1.0075849305776972,0.997433140124213
10.232617941870778,1.0094867204485367,0.9993066659488009
10.244964643718008,1.0095963111453492,0.9994146030933599
10.253867292166081,1.0119994471601352,1.001847420955434
10.261131327657047,1.0080540069381416,0.9979838988344661
10.316948209680552,1.0074467126075088,0.997368909373167
10.323995735306296,1.0104636116059724,1.000346606207583
10.346238810173297,1.00950501233558,0.9994050747302639
10.35916422769415,1.008714987719425,0.998567755430542
10.369115866529372,1.009890225750009,0.999602339308646
10.379373271419153,1.0129634164474237,1.002606488726176
10.380165219634591,1.0074259598502384,0.9970961582868835
10.39062090444555,1.0088858261013098,0.9984551970383966
10.402329042239966,1.0075206655704434,0.997017510942949
10.40935132893658,1.0075093476637902,0.9969089890363579
10.415074025791373,1.0061749376407316,0.9954195580990916
10.439080205891214,1.0119212583916262,1.000933545646478
10.454270532826964,1.0093784234281353,0.9983321294734077
10.481018047028474,1.0129956607116324,1.0018111533351168
10.501665501324904,1.0114692647524695,1.0002428682306
10.526604218863895,1.0098948950514586,0.9986459917554277
10.533383398252747,1.0118811612587533,1.0005868299435556
10.559586766062406,1.013962450080091,1.002647692661759
10.564089365854496,1.0132047947226746,1.0018798053201101
10.565545297965944,1.0091557600565282,0.9977960910844166
10.575875315316518,1.0130644229152692,1.001631754832837
10.587172991242063,1.0124805120036635,1.0010526531846193
10.592209919266043,1.0125144422724053,1.0011918727422233
10.59615576492785,1.0106698335450925,0.999373021572999
10.622349091614979,1.0174178182635991,1.0061481340336047
10.64799145672492,1.0155285088952308,1.0043142865918289
10.658483528962876,1.0118045274517644,1.0007172071016706
10.734229394104133,1.010968820745685,1.000009197084583
10.738100373771204,1.0138912638522903,1.0029773624792238
10.747194893921648,1.0077583246285926,0.9969531018879668
10.749722908207456,1.0141016276841246,1.0033241501583339
10.751013411785486,1.0116565757396951,1.0010238694027283
10.763255151444767,1.0114568646415063,1.0008879112356401
10.769659903606227,1.0099712445386633,0.9994966946648813
10.783225172775603,1.010711685709457,1.000307379917132
10.875253570674587,1.0120534646311656,1.0017119315997747
10.922540794505485,1.0089174105225107,0.9986163118230624
10.925586063386046,1.0073815519067721,0.9970912610567783
10.927966121291183,1.0077531052689317,0.9973926818393863
10.933125130770275,1.0110060312018578,1.0006163133594894
10.936532825298027,1.009556598525898,0.9991878897145295
10.94465519185605,1.009701989850495,0.999225202242206
10.952636358183158,1.0083812613861551,0.9978312522362976
10.970640887513548,1.0129294684074501,1.0022550284407403
10.98303012379445,1.0108329760767636,1.0001601251086103
11.022364180066603,1.0104744446782363,0.9997933950966393
11.033823611136008,1.0090130352207185,0.9983793808334009
11.047651892016834,1.0105345529141514,0.9998235752020319
11.077174374369292,1.0146069364718533,1.0038190174588446
11.084034206176053,1.0121591360396087,1.0013279793062637
11.112369026638603,1.0102117097814047,0.9993679236322389
11.148769330293534,1.0124948595475525,1.00166147247042
11.155233855067722,1.0137573127743658,1.002868372742609
11.200307722748057,1.0141924259774282,1.0033408485722681
11.2185958726161,1.0072979046766508,0.9965643143374453
11.243194880320218,1.0113248452127983,1.0005488066481403
11.243788534812397,1.01314459338897,1.002337066263757
11.259599697666943,1.0089773822482637,0.9982969549162755
11.266858644390291,1.0092553189631919,0.9986785646458444
11.3029251924607,1.009599274307736,0.9991144262849592
11.337925619999137,1.0064066145464745,0.9960210314747974
11.352998143632396,1.0063728101991336,0.9960930639198075
11.36268479040239,1.0079144460703846,0.9976041091174134
11.37240154359034,1.0084975428988048,0.9981698936829424
11.408670533917569,1.0096179097663855,0.9992441094961746
11.420277310285124,1.008745898235965,0.9983742511567235
11.423874423360445,1.0088210583224504,0.9985193616468622
11.43498732236801,1.0096088026975052,0.999255026439593
11.435378667223768,1.0073868875893508,0.996953246064574
11.449125045809568,1.005351806641942,0.9948664355555782
11.45628524918678,1.007984290167461,0.9974480586969491
11.466554314310423,1.0091785502474202,0.9985708470433622
11.497417837987355,1.0096877249194307,0.9989967867154853
11.498427743397816,1.009108092060989,0.9982733244252531
11.50458269505951,1.0137740663388104,1.0028172310422394
11.511485287995821,1.0102852119272576,0.9992317404486422
11.520153016721242,1.0115792414159215,1.0004072448627344
11.548462007925778,1.0144991690909118,1.0031697317915578
11.561236475551555,1.0146553919832437,1.0032382884905848
11.565376416925629,1.0124783304653586,1.0009886283323461
11.573913753155148,1.0124159144171325,1.0008981904119802
11.604960122937712,1.0146336190968848,1.0029835167722798
11.633294609900382,1.0135262642592462,1.0018494582698643
11.633642607529222,1.0146812989702878,1.0029743579953494
11.644174961585064,1.013186984539727,1.0015047632965142
11.670458229080602,1.015396241640447,1.00367842876236
11.690171931152545,1.011291858687479,0.9995433533803731
11.697080160386559,1.0134988217172274,1.001717106126116
11.709931662347262,1.0141061252852548,1.0023091453661048
11.726344745797588,1.0135348874722867,1.0017591058637918
11.744614195930668,1.017097031413173,1.0052750675731452
11.796169301799003,1.0099694678717916,0.9982307024343836
11.831788378185067,1.009786099408651,0.998101003515066
11.84145060634986,1.0091082165001868,0.9974391665655071
11.881664419344574,1.0128487846092495,1.0010767493024613
11.888852669966045,1.0110536503043737,0.9992440111038772
11.892474056372059,1.012895280548383,1.0010281963096026
11.915751657405721,1.0081864566293723,0.9963791251894953
11.925829477247957,1.009859805695337,0.9979676221210769
11.930740329578182,1.0097319540613006,0.9977207947750778
11.952159034947915,1.0079293681354013,0.9958001309172502
11.970927948632717,1.011550784750206,0.9992931796291954
11.977100152539503,1.0090984083461356,0.9967076942651916
11.993968655855467,1.013806374525644,1.0011769637383383
12.04870586229895,1.0132626061988697,1.000398814773799
12.078703442109697,1.011422729012891,0.9984594241320363
12.128736117497892,1.0138505106722662,1.0007365384372973
12.130858832612027,1.015023817356726,1.0017807360829027
12.132500714468858,1.018381454399652,1.0050510030784598
12.133373192608097,1.0165890674800857,1.0032176958004575
12.16718524400584,1.01465266257375,1.001241596786
12.179385347936625,1.0159545741743226,1.0025656316105245
12.213193770604391,1.013588120934829,1.0002282654416006
12.218206077746224,1.0113054379982587,0.9980132002230725
12.233400962745511,1.0133982711751455,1.0001339192376397
12.240345696037492,1.0140679816331493,1.0008584548955477
12.249477664587552,1.0181482540601987,1.004994230901542
12.250645920901366,1.0126365259445758,0.9995825586173448
12.25772498914165,1.0108650324056165,0.9978569669666527
12.299030342044832,1.0123379820233602,0.9994177107685602
12.30708483446646,1.011679384174449,0.9988645014170154
12.319306174122197,1.0132098772701104,1.000399032891918
12.322324117629146,1.0115414789170019,0.9987755221604985
12.331238105276162,1.0065046257487245,0.9938464848150582
12.343906647799182,1.0096655186954575,0.9969690867588874
12.350123933137523,1.0123569936085448,0.9996453530756367
12.374977842170347,1.013143658229913,1.0004554837312447
12.388169158180105,1.0081750526357989,0.9954963817014157
12.412363344595738,1.0097646719311677,0.9969709798183589
12.43166448827289,1.0119704258291096,0.9990788645641554
12.450722504368573,1.0104171003857352,0.997483178077756
12.469050518401925,1.0113527956711488,0.9983522253201589
12.471536562348106,1.0137715384507613,1.0006757750820727
12.510659616517295,1.0154474533614835,1.002251885639962
12.518623571908932,1.0159692994089524,1.002719068992231
12.553241077516315,1.0158440055943274,1.0025542673427672
12.555502955276275,1.01282325850223,0.9995091449635727
12.558995634798363,1.0146012734421515,1.0012096582972656
12.56135217161057,1.0128981980769711,0.9994401245649928
12.603866691473424,1.014623757555906,1.0010874034876045
12.604942175761495,1.0167267726207758,1.0031818474163858
12.617917371347517,1.0159322808104896,1.0023392414188625
12.635664499532234,1.019956884446241,1.0063465023899878
12.63761101945591,1.0159953920941691,1.0025002866578412
12.643571676587412,1.0161961026602597,1.002705982995898
12.688779041375101,1.0144909580758699,1.0009774589633935
12.696536495076503,1.0158381696871253,1.0023695213145614
12.705129792055867,1.0173402648257828,1.0038308511151444
12.708596208056651,1.0142114040986094,1.0007983596348538
12.768651060438287,1.014770355271526,1.001427906967159
12.777747404498752,1.011190441196616,0.997943169658886
12.797780795927864,1.012881448183716,0.9996739110270206
12.83763026226014,1.009629289712382,0.9964772598792304
12.840957547893414,1.0095380455549108,0.996427526319617
12.852718406147257,1.0055767089534648,0.9924374873947398
12.87694697589191,1.0059565056051147,0.9927774508898888
12.900007306130679,1.009522487486242,0.9963063986973102
12.917227904882306,1.011598779085621,0.998288959328415
12.984004184623977,1.0121096574267583,0.9987223697996391
12.985161340077745,1.0106013917456604,0.9971267801368728
12.986352015718971,1.010463743671809,0.9968443618963384
12.987709438639145,1.0139870101800361,1.0002860025537128
12.990105408529889,1.0105721283600402,0.9968551245567968
12.99046484466368,1.014340324824799,1.0005826098226966
13.041925135093017,1.0160173800640073,1.0022734661404964
13.046856941226295,1.0178166752307733,1.0040309358826733
13.06500405393491,1.0203150281546678,1.0065039544625392
13.073072974058592,1.0151255606995562,1.0013065819523412
13.073933885078858,1.0154486182701297,1.0016208837725573
13.0925549729491,1.0189643057906812,1.0050959053030248
13.099033471222262,1.0160995449113894,1.002313340569056
13.125015028433697,1.0132718246474433,0.9995610532739835
13.18452334677836,1.0141355886840775,1.0004181546937465
13.204598149968094,1.0159015809284313,1.0021620468224073
13.222778023103311,1.0121197469569525,0.9985933385151858
13.239970482669131,1.0179864587041445,1.0044594728804908
13.262142986313755,1.0157585870491477,1.0023185360718312
13.27189889710675,1.0109686661528308,0.9976384421824142
13.283353319164599,1.010759129897126,0.9975021675236234
13.287070187091768,1.0126391962890338,0.9994668631561228
13.308670645701483,1.010894377485737,0.99778707700563
13.329497636558267,1.0110696857258235,0.998018981054043
13.333378598568913,1.0125697202234445,0.9994828289116415
13.366070052922733,1.0104581212773627,0.9974385819424806
13.381150733235351,1.013680967607388,1.0005918589819949
13.405715254128054,1.0127508537013736,0.9996227316808058
13.431714274630668,1.0135357286177624,1.0003151206312213
13.461434208432841,1.0100135240659103,0.9967998332394487
13.463757346505014,1.0094566986125955,0.9962038342370113
13.464581831882366,1.0122345094481515,0.9989039074352768
13.49749671900618,1.0170102666487686,1.003573949548939
13.49827058064756,1.0158279345893722,1.0022896950881042
13.515158362925732,1.015489072430877,1.0018413021759527
13.53212408140234,1.01708996261599,1.0032979041839034
13.535755190124725,1.0124956529251652,0.9987138681598837
13.549590248877086,1.0122978105086153,0.9984490746355102
13.555919708822056,1.0179925757968045,1.00404955313442
13.559841053715251,1.0143211087942032,1.0003916218880808
13.587680531227624,1.0146249896073043,1.0005893930845409
13.64857958464405,1.0177418301398122,1.0036815594857638
13.679069036683389,1.0155677720734775,1.0015118903622335
13.727803017819898,1.0144034660950678,1.0003669099095598
13.753846638456043,1.0144266828678383,1.0003574567984843
13.769215960119823,1.0135727496984246,0.9996373354135557
13.780161999384768,1.009620493579767,0.995777981611269
13.7814031119063,1.0119205411899843,0.9981021104481062
13.834248212950111,1.0129190566730693,0.999167601331885
13.854460163373059,1.0098460553014923,0.996212527921756
13.869341802280992,1.0105066895984611,0.9968861831914518
13.934992559350567,1.011443171042653,0.9978268770913236
13.936480838242474,1.0069575496207248,0.9934468996110851
13.948640378183258,1.012612475601318,0.999072962685898
13.975833440554805,1.0121103627349433,0.9985657552859983
13.98654129890519,1.0148926654871524,1.0013345553095483
13.992553385381127,1.0144557859808607,1.0009074151038162
14.00534795404364,1.0128272335479187,0.9992105317041856
14.006859623927372,1.015397833633493,1.0016654843987776
14.020569750856312,1.0140078167033637,1.000141884957898
14.026098220014852,1.0138080713069642,0.9998817553478886
14.037714818553592,1.0126806797251817,0.9986896982437685
14.040274132957054,1.0165813510111033,1.0024183547298955
14.047841375464435,1.0156689279156539,1.0014777799097832
14.053330943746515,1.0151338628898579,1.0008770963951885
14.059394637876446,1.0132342052680792,0.9989449514928793
14.074663831715979,1.0189814073138215,1.0045710856963632
14.075014368469962,1.0162406295031556,1.0018433586421716
14.081392603727972,1.0176353883071252,1.003025107129238
14.118084023900881,1.0180335133546072,1.0033432048982944
14.134163804775497,1.0146830661593815,1.000042796323399
14.144778607522325,1.0187374855639635,1.004071356179608
14.17138797922851,1.0164697677351582,1.0018317368882073
14.194211614293993,1.0160215818957308,1.0014951691025284
14.227397245828016,1.0114787732150217,0.9971122371486663
14.229941630706968,1.0177199487433837,1.0032261356810677
14.241330289344447,1.015059170948352,1.0006200319038838
14.245669745763417,1.0142611433550675,0.9998658851499028
14.278098069011394,1.012133276580955,0.9977560578354475
14.332394719681817,1.0119142241902477,0.997517796725432
14.351887093729635,1.0130290212617912,0.9986208749899147
14.359344851615383,1.011522892571813,0.9972155966696292
14.414921505853954,1.0129923726618364,0.9986600920820983
14.42006528983374,1.0099612924842303,0.9956281068656795
14.44881780041085,1.0092444783019046,0.9948336638070459
14.490778525585796,1.0128464086744025,0.9983359867865205
14.50115443260929,1.0140929853927143,0.999444156849132
14.516912989913472,1.0133486784520713,0.9986631472757875
14.523815213449083,1.015550362503016,1.000775683858292
14.54377251479812,1.0158724260063041,1.0009492001755271
14.566630208950855,1.0133304632724804,0.9983584275336564
14.578918250739079,1.018878126063175,1.0037439333642886
14.579381239180139,1.0169550245325627,1.0017396144186883
14.608882270471419,1.0155397131069739,1.0002355165317023
14.645212011485052,1.0147962609894872,0.9994047611202014
14.65116999628966,1.0223172153624145,1.006792854894607
14.656304429969113,1.0166925923156644,1.0012680914935606
14.657231466289915,1.0133817246959524,0.9980588023543551
14.660697128720226,1.0146617630154826,0.9993545468161565
14.67192486336512,1.0175239008888728,1.0021461590486915
14.676204347323992,1.0157849263290175,1.0004873702729153
14.708611016773991,1.0158848943880645,1.0006313224240067
14.709957734005647,1.016237436814005,1.001011395703381
14.716836174594553,1.0160210976761939,1.0008857978465742
14.731989799934665,1.0154676969700573,1.0003535255464555
14.754933585065292,1.0143315543418958,0.9993288845116667
14.789616460979058,1.0166763530256318,1.0016707452570344
14.813106771090329,1.0120182054719666,0.997061986296829
14.826874256091745,1.014598155883537,0.999631563123798
14.834152587126194,1.0126300903986556,0.9976491959019295
14.864301642384982,1.0137689914591865,0.9987874920038867
14.875738431297897,1.0129446937297384,0.9979758143474855
14.885498765238063,1.0141307875493872,0.9991876734586078
14.89300360152495,1.0169966470663006,1.0019497790763945
14.913992032939975,1.0120608794524641,0.9970280218246445
14.937948309511262,1.0136985152496694,0.9985846875710107
14.950270404920662,1.0169952145534173,1.001883935864646
14.968347742379846,1.0143167877978783,0.9991392802835503
14.969127552268883,1.0086084031335802,0.9934330953195554
15.0082087835986,1.0145001307359072,0.9991550673549857
15.012938351658965,1.0148732776061118,0.9994029908005885
15.033200194645795,1.0166093420198967,1.0010650343058924
15.060563829860897,1.0159265905377637,1.0003091817672658
15.062487324796567,1.0218852701253436,1.0060634166219502
15.070808921908474,1.0218095347859733,1.0059236374139369
15.07670329823666,1.0142901885736353,0.9985454007720017
15.079440652107241,1.0157205064733037,0.9999137834603589
15.11292318240722,1.02012220290052,1.00424415646165
15.131402144393167,1.0163769525934039,1.000587691742817
15.179896225734453,1.0165101970477428,1.0007898959328494
15.217955541852382,1.014612808432949,0.9990198499682811
15.218944008278205,1.0189321411580017,1.0033029678555134
15.221030296374932,1.015865122221734,1.0003407860522842
15.231415706056628,1.018131056111932,1.0026081309198134
15.237694158969106,1.0142262070328811,0.9988347583924243
15.243399250095877,1.0167761385688963,1.0014672520908166
15.272334033098836,1.013628757831066,0.9983982931805581
15.291887801566563,1.0139303434283702,0.9987764521356178
15.29376160288162,1.0126933907200346,0.9976189717284196
15.324502388992594,1.012293307817135,0.9972654187224745
15.338786773112417,1.0124524909792465,0.9974504145223212
15.363100748615274,1.012974957387479,0.997887089089411
15.375087598790701,1.014099236424087,0.9988995911389651
15.447962735580452,1.0119393261203788,0.9966695504587763
15.449503749776362,1.0112922615503896,0.9959799180239677
15.456337852269773,1.0166990543446282,1.0012788153371361
15.458719614255875,1.0183349367556507,1.0027454066622836
15.479610031475469,1.0169037585111795,1.0012888468787093
15.490250176875259,1.017964116608928,1.0023285759045089
15.49190106878826,1.0146192018401534,0.9990522786507973
15.499723279049041,1.0168449696691846,1.001189935791635
15.505515057476474,1.0166532621149695,1.0010200393146191
15.516191299780564,1.016496852171893,1.000815196952303
15.539720756809217,1.0152599914269227,0.999607575591288
15.62088963893849,1.0153260633960859,0.9995968614466483
15.679256761650256,1.0204141225810273,1.0045837013178387
15.690321239791862,1.0191909195669608,1.0033686881396133
15.718737396938494,1.0154190159768464,0.9995984267616664
15.732119372257925,1.0169517611590344,1.0011058976407106
15.751535621227191,1.0145988904231706,0.9988172517298158
15.752671607449582,1.0172996747245047,1.0014977787995925
15.764866948976435,1.0160195541018529,1.0002649826788628
15.771752490671965,1.0177739382432998,1.002050596705089
15.78217128462726,1.014531107929184,0.9988561599739608
15.792415190680382,1.0137284010293057,0.9980211033296424
15.819353315640056,1.0131859896224156,0.9974595377211706
15.820286919179749,1.01863389802353,1.0028100708555705
15.862331181946566,1.013770641787258,0.9979570537152272
15.863584321812159,1.0125738101878132,0.9967167850771221
15.865625393607871,1.0141211205963798,0.9982419085617831
15.895656545820621,1.0119312238955604,0.9960173859270081
15.914216694528829,1.0133769776184525,0.9973664196523452
15.929594470020557,1.0150313960902495,0.9989040660866366
16.01577674717997,1.010835800538297,0.9946840969460141
16.01742334445005,1.0134489213623596,0.9970689981268093
16.049660745016148,1.0147734084346312,0.998187297679687
16.050612205512454,1.0166606731749757,0.9999759222557006
16.054791818694405,1.0168209556095926,1.0000855970035842
16.055376737936168,1.0185125216606876,1.0015766012477199
16.066994661385603,1.019338560276553,1.002248698155162
16.07271912443751,1.0211596370648863,1.0039242157621555
16.077474805099758,1.0177618716982182,1.0005536363310972
16.101568817464813,1.0181041998161549,1.0008063378841332
16.102906997214962,1.0180370478694316,1.0007669676774555
16.1051462552269,1.017298121933756,1.0000735806772851
16.11456108592392,1.0196387362397743,1.0023808610377147
16.122384175686538,1.0169032293388416,0.9997006646972336
16.130693925730125,1.0217173343446848,1.0044383849864418
16.147080257810412,1.0199049508235143,1.002703895461093
16.14825629905693,1.021039175701928,1.0038572409464142
16.218861331506925,1.0210094610833556,1.0038301950520556
16.279169311086928,1.0110834334620873,0.9941149439840511
16.28262346709504,1.0152274581934968,0.9982279935868347
16.341124570536074,1.0128008265755124,0.99585825005596
16.372833990818826,1.0146588400155976,0.9977019923607686
16.403284912157247,1.0156002771024002,0.99867728306102
16.430834047093757,1.0152924332094988,0.998333758682741
16.49090663909041,1.016680752339046,0.9996151146908094
16.497634788294736,1.0163061557699609,0.9991367327359882
16.513176696501837,1.0190800309484536,1.00175109588489
16.515127183727774,1.0173476500273082,1.0000380121489756
16.52338005448245,1.0209949016166355,1.003611159718005
16.52436108191214,1.0166276231418865,0.9992875947913454
16.52884276564598,1.0214797847245722,1.0040039161555312
16.534215574029016,1.0156750526356217,0.9982794395240057
16.542421635842718,1.018896113416843,1.0014713752098876
16.548152195600128,1.0187286306682903,1.001183094496789
16.58265490533053,1.018109850546242,1.0004677611196087
16.613006534928566,1.0172486824898126,0.9996393085843435
16.632174894299464,1.0218848579595936,1.0041624902542965
16.664024390938234,1.0197294238478258,1.002020208109852
16.67681938209666,1.0213936049946257,1.0036223958922
16.67962784095449,1.022975419044076,1.0051549446379835
16.696342978945452,1.0203009203077993,1.0024923365499872
16.706568011203895,1.0205273368247458,1.0026981645432274
16.735979091692055,1.0167921220930252,0.999036108854789
16.76676692251292,1.0192325934742883,1.0014779341710789
16.775866136554143,1.0190647458572595,1.0012161208361499
16.789808289363762,1.016631767624063,0.9987925612777248
16.799519145225588,1.0147184201753958,0.9968901851093777
16.8058251699315,1.0150584107656724,0.9971842638905579
16.82826529111545,1.0147155649252624,0.9968498420025076
16.846729698387,1.015049291126443,0.9971806424631954
16.85204945292305,1.0140644463118056,0.9961914369696423
16.872394556581195,1.0134318578204058,0.9955562741389163
16.874040236639043,1.0137106644453588,0.9958875606047923
16.88063039474764,1.0141128620077084,0.9962589777498169
16.888242980379758,1.0166436335314988,0.9987050343456187
16.89947581549956,1.0124832178372765,0.9945960216680898
16.91035276616612,1.0106659712529709,0.9928333167574663
16.933698539622767,1.0120433630535386,0.9941631579015336
16.935722245384255,1.015601402166449,0.997599941009606
16.9538899201812,1.0162571542290706,0.9982122971765581
17.03635534407117,1.02108803534012,1.002950086659376
17.061556168466108,1.024492499388852,1.006351211274782
17.065363359646653,1.0192781208256907,1.0012655926141654
17.097640233258186,1.0223509411229608,1.0042472815361327
17.12028974167369,1.0192238721829339,1.0011849938596533
17.128825880885667,1.0225562553484357,1.0044380516768192
17.129941233284857,1.0208719985677708,1.0027916937165642
17.135227896967276,1.0178525235536984,0.9997505036810983
17.15512057678312,1.020683506812013,1.0024993021364972
17.169309702486615,1.0208091687193213,1.0027447895826958
17.172998239514303,1.0204317866692887,1.0024620138667653
17.208631753995544,1.0181372411931349,1.0002622383030826
17.27246951332421,1.0193595343189847,1.0016025073333166
17.279780456577473,1.0184328799953992,1.0007312908138994
17.288869641236847,1.0172313581934989,0.9995935415154183
17.43655716526263,1.0138826478733844,0.9963174452347848
17.437208085444027,1.014526087021878,0.9969986856535459
17.46952906869113,1.018018848624254,1.000391699529083
17.479398930480276,1.0201744654717158,1.002569250208064
17.48067785123577,1.0188993728684208,1.0012424265486708
17.500404326555905,1.0172510295639865,0.999622597872536
17.50814222154429,1.0182508249819016,1.0004909386773204
17.536525803778602,1.0214729113296215,1.003637948750018
17.54055842578613,1.0165574085921982,0.9986940489776543
17.54922484152619,1.0166416019789035,0.9987213794456302
17.55116793333423,1.0216200767878076,1.0035639336155353
17.555757648310607,1.0199402961385042,1.0018257832770066
17.57025989485992,1.0181850461802142,0.9999893180049889
17.60815459240942,1.0203348050111898,1.0020268612989323
17.6408515265321,1.020037895501798,1.0016583129544026
17.67832140025574,1.0211672164900796,1.0025983223483645
17.699891867831525,1.019305241850611,1.0006174540068702
17.70992377798882,1.0200630110755586,1.0012593400463068
17.721266291444657,1.0219182877080235,1.0031152202631757
17.75682650859583,1.0177813522652503,0.9990020223054581
17.757020963029266,1.0171061484412838,0.9982846851782604
17.761006975044737,1.016080346222947,0.9973042594765676
17.76840293069765,1.0158332893192499,0.9970978599126539
17.786725363125015,1.0159011207808584,0.9972179840323797
17.845698465799288,1.016737114458369,0.9980908761867969
17.851532417854138,1.0162113698450055,0.9976503781985453
17.851556838518473,1.011699722921024,0.9933082695912956
17.86223708998858,1.0183663953722004,0.9999546478062279
17.866346585462292,1.0135550197054648,0.9953257789510312
17.891183304095595,1.0136883080017083,0.9954975083321523
17.90215521345386,1.0146164337218624,0.9964762469128662
17.9116044464963,1.0192724377190825,1.001115854252475
17.938585742501825,1.0170974021671315,0.9991041132967771
17.950638548472956,1.0166654066964387,0.9988341559342688
17.95155611768895,1.0150812627192844,0.9973593636893873
17.96205956444144,1.0169575080658655,0.9992971444243812
17.970887225419652,1.021463042809339,1.0036822466188584
17.996232212864797,1.0195964279262528,1.0017479592286365
17.998862854429934,1.0170605963663226,0.9992616896501981
18.004817438564835,1.0174870520106962,0.999597710389448
18.03603497370221,1.0205522232046909,1.0026102097018494
18.036498539319588,1.0212981966436208,1.003205548065888
18.037963907873472,1.0171482125183935,0.9990635379197165
18.046366576005415,1.0205348135477972,1.0023658014782473
18.04769435283629,1.0212739584218398,1.0030486317294787
18.071472139981353,1.0230596767215667,1.0047398153489708
18.074912906106626,1.0182397556912117,0.999951593758346
18.120418320693286,1.0259015899848956,1.0074420251676126
18.16285987793386,1.0202068560216069,1.0018310770137526
18.16631161755892,1.0200901514121858,1.0016706164029545
18.18790474387809,1.0194917961377823,1.0011230581237036
18.192031230919987,1.021545693295891,1.0032585774438816
18.196055422034178,1.0183836900297636,1.0001911941874562
18.196271104126485,1.023672703293093,1.0054296401558924
18.21660437667127,1.018605740214657,1.0004523856236789
18.22594842655304,1.0194063147535428,1.0012160846029403
18.236042667986112,1.0164980797323269,0.9983908957135952
18.250396546732038,1.0171079451337395,0.999025309539935
18.268679003941966,1.0133962250470527,0.9953551000803635
18.276453682302147,1.01702945605948,0.9989154546837598
18.276458210624536,1.016822791854952,0.9987340639521995
18.29481711311601,1.01285322777288,0.9947835714697805
18.308573502808784,1.015569104346159,0.9974245081350264
18.35048896938758,1.0161206016151831,0.9979336669501625
18.365025819617518,1.0177088455009002,0.9994074607341153
18.37443005524754,1.0131746906725323,0.9949150823477857
18.384380972863823,1.0114035813274944,0.9930465086346859
18.395120676405508,1.0149094187474614,0.9963914716471397
18.469108747089166,1.020625819559397,1.0019315665180013
18.490297952987543,1.017232896603224,0.9984462643787684
18.49040294179131,1.016984142805634,0.9980933456611152
18.492069567867926,1.0202088863876724,1.0011322508460592
18.53451634767226,1.0189330503867045,0.999816961158349
18.58158269987393,1.0203641728901935,1.001155778048634
18.586107266956986,1.0198581030929634,1.0006341041399585
18.606857494649233,1.021782869589934,1.0024492909263152
18.628718775616875,1.021645713941099,1.002195630280671
18.65471550090109,1.021854502304097,1.0024037988232655
18.658526037402712,1.0217021197923917,1.0021644213998957
18.675948564904783,1.0180788964524645,0.9985985018476685
18.683197979359132,1.022330795103573,1.00276818798219
18.695384117188375,1.0179278647840782,0.9984569838141629
18.717035684981884,1.0194331687420646,0.9998550273823181
18.720864513752982,1.0223984470119658,1.002704384467834
18.728695645843416,1.0208030730528972,1.001155027920932
18.737586977172548,1.0223471716611081,1.0027343921584952
18.746501926761663,1.0179887349798136,0.9984906613067758
18.74842470455154,1.0177603367263641,0.9982422563066113
18.779297276814596,1.0201087444623413,1.0005314910540117
18.80040424235597,1.017381281760633,0.9979316616890349
18.84444037748354,1.0202725722228454,1.0007718027968775
18.847584525974945,1.0142404999692776,0.9949294862695859
18.894849694595393,1.017515844953875,0.9981322509030582
18.895520018868698,1.0173339947983437,0.9980381247404129
18.92352617910408,1.018921078212549,0.9995955844587517
18.93030074087454,1.017956458055787,0.9986545526212454
18.936714627492282,1.0183079530582777,0.9989660360089725
18.94556802093065,1.0175038011079207,0.9981613748278878
18.966195461505436,1.0198163848829245,1.0003712697978457
18.97092929534377,1.0170946800785041,0.9976638853052193
19.02165334006586,1.0218261798647355,1.0022604367960646
19.029020783999325,1.0240090120051768,1.004378310901386
19.03388842218678,1.0190324301180078,0.999441724159161
19.06918632352068,1.0229324563862212,1.0032700777867285
19.07495497749461,1.0225172828293423,1.0027511697861753
19.092106627227256,1.020096029209381,1.0004148150965313
19.104690201102613,1.0223350175831292,1.0025001119664037
19.114093798663763,1.0239794093791916,1.0040625095678943
19.13482967695414,1.0237092817626665,1.003764900934262
19.153413694885646,1.0202636963590053,1.000429579043802
19.159827171095642,1.0224283750527443,1.002529246134724
19.160342623605736,1.022779135801963,1.0028597365028735
19.171251121223744,1.0234417205152482,1.0035051857293704
19.17203106036519,1.0216559460903853,1.0017587325867654
19.17269288532677,1.0203813070448395,1.000529288112586
19.17436458565886,1.0236753615320038,1.0037397258562328
19.18513814714203,1.0190167143018034,0.999286490306267
19.19696472707877,1.0195572367935366,0.9998962658501829
19.197300042690358,1.0223508333606004,1.0026715587925954
19.271744551674875,1.0188907338463493,0.9991991891228051
19.28952613285643,1.0179306689119492,0.998274514159381
19.29883027434633,1.0157470880903339,0.9962078601676286
19.321234429166232,1.0186001648914385,0.9990721238093686
19.32526110847049,1.0178450566729627,0.9984273696524001
19.337065402419345,1.0203818433499448,1.0009534393651487
19.353690831564993,1.0176622708217906,0.9983093996498501
19.368561615076757,1.0134054064894606,0.9941272513378828
19.371554711198147,1.016367579418532,0.9970561891302506
19.379454181548056,1.0159745230044084,0.9966603484467983
19.390301358681885,1.0158846608650633,0.9965816236385775
19.40352999799185,1.0159378949948157,0.9966580466962418
19.404901736392144,1.0166809221409354,0.9973726093032342
19.40667755793773,1.0149058057581228,0.9956656673957461
19.422335969678247,1.0135180282814764,0.9943582934528935
19.425662184210204,1.0176182491979349,0.9982876222400439
19.426759522963934,1.019055495768862,0.9996051210289608
19.443633651709632,1.0182856945652226,0.9988045868599328
19.47197788336638,1.0189518409356242,0.9994876672570365
19.498407538446266,1.0178778843215543,0.9984393924911591
19.505971329395983,1.021482725842514,1.001920450843791
19.53224167112878,1.0168510777259678,0.9973323452272704
19.533570979446402,1.024944989258147,1.0052066836012208
19.551382849909828,1.0203903778002439,1.0007638824863216
19.55323639302243,1.0230028942011384,1.0032881544574326
19.560293771237152,1.0208791579039926,1.001212889186518
19.57400421514822,1.0223669911257582,1.002697305551373
19.63015408655225,1.0221018595299975,1.0024659919267136
19.63115866358992,1.018761298794741,0.9992025339520325
19.634157136635203,1.0239896761833636,1.0043489654420958
19.65214560002611,1.0204289976455239,1.0008225556782713
19.66463638040891,1.0200550450030044,1.0005278686284151
19.67584358659842,1.021132034572265,1.0015195414581917
19.684342099369125,1.0213041000151486,1.0015750829514534
19.685391297467863,1.0225233546765098,1.0027990735027406
19.70084823964323,1.0203486210604134,1.0006314654583417
19.719053098787008,1.026133723175556,1.0062978628494927
19.738971967803042,1.0169687110415049,0.9973682753620938
19.780232866909067,1.0178973289036422,0.9983136197565561
19.78363626806729,1.0193948839844793,0.9997899124883876
19.78472229476301,1.0205546142784157,1.0009651811948486
19.7944531758697,1.0193153099725405,0.9997642224725702
19.801675764085115,1.0195266628057722,1.0000347810378734
19.841443060145615,1.0155582939725643,0.9961136454403948
19.843290157461038,1.0181072298903793,0.9985982519060994
19.872092518644056,1.0193210246966256,0.9998317969167222
19.896392240302163,1.0178402929488684,0.9984191590366672
19.92564272326763,1.0221718526377794,1.002622342544287
19.925875954764965,1.0172972533429463,0.9977934086403869
19.9295059646437,1.0168808777773963,0.9972884716560546
19.93004715209515,1.014160996973849,0.9944920367657796
19.933930902907388,1.016877165517661,0.9970951603641818
19.977913492698544,1.0202807577583917,1.0003708757835117
20.027531397911673,1.0229988448826168,1.0030004110707762
20.030278099735007,1.024161318504149,1.0040635566408307
20.031805385110637,1.0219202072650986,1.001797141409525
20.03964934489372,1.0206663252416273,1.0004722503640702
20.104617478231738,1.0207418284854188,1.0005176945159833
20.104737158371517,1.0230450709080994,1.0027919712438553
20.109077688827682,1.0214133713438103,1.0012306059294585
20.10972222739064,1.0230748085111954,1.0029213909246886
20.1117392546954,1.0207028390734516,1.0006313325932787
20.160836030965406,1.022536641755144,1.0025025751144756
20.170623576777295,1.021774038656127,1.0018674167824517
20.17779946031019,1.024880717911822,1.005041721393803
20.255175354376462,1.0179692702075527,0.9984404673747888
20.269359009265532,1.0163680052947959,0.9969414380236655
20.270183178494364,1.0212240328224529,1.0017591060217796
20.28027353733853,1.0222647962788665,1.0027680622943038
20.29360399735482,1.0203188633901588,1.0008523010523054
20.294387697408798,1.0184257926848046,0.9989685960890261
20.332920421637173,1.0159982174356985,0.9965325251826256
20.336517538383948,1.0172091516835318,0.9977511214357235
20.345201751549094,1.0166895154228153,0.997146913781157
20.35631818416479,1.014942689242729,0.9953573980681805
20.368573332417075,1.017289484818047,0.9975845965428038
20.37199518162059,1.0198116584853516,1.0000179998766392
20.372118472932662,1.0189196879982212,0.9991315998612607
20.37952120246515,1.0179017067973761,0.9981202260589607
20.381302407845133,1.017063505276413,0.9973601501708309
20.39780856828897,1.0153284966953469,0.9955717809205623
20.403902981298685,1.0195330242394736,0.9997202038254297
20.412148270164625,1.0146055700486483,0.9948865736879314
20.413620786500836,1.0132223352135947,0.9935530447884596
20.42899101933945,1.0177272977754146,0.9979738676699771
20.437537586291132,1.0172474582230393,0.9974714236072496
20.48286548400695,1.018933574400075,0.9991214919394286
20.48597398715471,1.0212399135936336,1.0012780168543907
20.521236782078418,1.022253738951864,1.0022471432844688
20.525676963813112,1.0227046383954916,1.002625087011655
20.588790972206713,1.0254032885342526,1.0052424282076697
20.608253206213096,1.0209848855997752,1.0008503655806782
20.61943671897013,1.0271314996200285,1.0067426821706535
20.62412810545911,1.0219791021584959,1.0015751281864234
20.645753528633314,1.0242633764681859,1.003765977674566
20.64593380995803,1.02742251645037,1.0068191684888752
20.657594571461278,1.0268228170554414,1.0061327361836845
20.710870396010375,1.025122831075849,1.0044550529361755
20.75150452812568,1.0208214062600565,1.0001327251631766
20.75175374299316,1.017927257504601,0.9973206332767811
20.758057428246584,1.0184523843115891,0.9978348806185628
20.76188476405133,1.0197862920090983,0.9991744346449846
20.773728100996983,1.018589976348996,0.9980259446817029
20.79456769782971,1.0177899347922525,0.9971848548604454
20.86770142354163,1.0173912565631602,0.996769442164208
20.901673884613047,1.0167327458315414,0.9960756298479462
20.91366552205549,1.0171362783802587,0.9964472537653357
20.934848596752673,1.018806148144172,0.9981360617104261
20.950857595040432,1.017084394682006,0.9964006551487299
20.965764575941694,1.020984162498295,1.0002106020659562
20.98338646240626,1.0220753172075276,1.0012952422870125
20.999763473977104,1.0198906461846555,0.9991273927145676
21.039622907205967,1.0223103313387343,1.0014765160845442
21.05369987640152,1.0257948655176854,1.0047788195216643
21.086944325998846,1.0252045504906746,1.0041831207704086
21.136176345877995,1.0272246916760168,1.0060429584319714
21.20697304888434,1.0242199625369703,1.003083477436458
21.210032385033816,1.0246958853597834,1.0035838471219911
21.271070701813574,1.0193932537609536,0.9983486357274917
21.28105368723957,1.0201856080399192,0.9989948490393107
21.331688916136542,1.0174135474870112,0.9961368215955462
21.37993599790226,1.0187987809477344,0.9973865771988908
21.392081149803946,1.019860467831936,0.9984007093446376
21.393905549369116,1.0193199629932783,0.9978383214527948
21.401586739614814,1.015991865478533,0.9945439508370703
21.45161657400459,1.01860919823279,0.9970767876912
21.481323893302335,1.018892146197769,0.9973098908803846
21.498180775308118,1.0225126768135107,1.0008227275503716
21.538780070155358,1.0225932858466888,1.0008157562547382
21.568850942752672,1.024787968354351,1.002956552923494
21.570913796805357,1.0201066473601264,0.998370758864166
21.586202906379775,1.0247256303441818,1.0029404487758968
21.634473171200195,1.022807840639995,1.001062757655531
21.656043010052542,1.0260419389684046,1.0043327834615494
21.68720255334978,1.0254994000817945,1.0039305607842088
21.690871166427065,1.024935122716127,1.0034582170818365
21.703769535211,1.02530889017169,1.0039738333783375
21.7087119450039,1.0248701483747347,1.0036481853931292
21.726897457983455,1.0215884098595829,1.0004725847919487
21.731805390094753,1.0195465987738292,0.9985045258786691
21.743820583533896,1.0234216304658674,1.0022975187598537
21.745717255647886,1.0225597121519072,1.0013770586093322
21.776940046043716,1.0162306936824061,0.9951162445509981
21.788154471703837,1.016976597575592,0.995796714879391
21.810359329834213,1.0171604023006462,0.9959139284215787
21.814331656057476,1.019492601119587,0.9981177099123766
21.832905097588508,1.0164567730579834,0.9950294184791151
21.83644900454689,1.0205151650016901,0.9988125811212734
21.842024563218196,1.0181117821654984,0.9962959936237845
21.85051875567201,1.0221327524628319,1.0001412253104942
21.878500822032084,1.01979726387384,0.9978096482812779
21.883863319300012,1.018717200356365,0.9966881627863897
21.91439740366858,1.020206843160669,0.9980357428181555
21.92273943577536,1.0176811568574806,0.995546135475595
21.932808461541427,1.0226951102871098,1.0004327309422891
21.959468241686906,1.0227212300611441,1.0004345519150641
22.00077997812206,1.022655558027093,1.000382228295141
22.031084421010615,1.0271767753087513,1.0047059407080174
22.037189390461407,1.0205939429202222,0.9982519079692962
22.061675125986433,1.0259073755216086,1.0034531838106708
22.065766131759002,1.0267915006566288,1.0042313176232256
22.12530168729946,1.0262047397248604,1.0036433197045718
22.134693746637502,1.0248556531152693,1.002302920819247
22.155503931302924,1.0208357947181754,0.9984145256655937
22.166161589138696,1.0269237341785469,1.0043105703366957
22.169183402512097,1.0238086934866848,1.0012348915077653
22.180611056415064,1.0242477703081712,1.0015705039356873
22.186459884041362,1.0262004393659314,1.003463151976144
22.18896760572116,1.026132878642059,1.003387659721697
22.202202997540585,1.021476208473918,0.9988188350166741
22.29972624877561,1.0184804268358991,0.9959389446300485
22.311201613684496,1.0187546611221936,0.996242187341061
22.316314383649342,1.0214649855768207,0.9989548731880403
22.34668570115989,1.0217379543346758,0.9992775653165891
22.35118006195797,1.020589701819752,0.9981764512906335
22.363451414309015,1.0186685514323703,0.9963886876125742
22.37023769925233,1.0192918946309004,0.9971050974892861
22.382575853774647,1.0224133857908024,1.000239083045444
22.386041131551043,1.0174436208968038,0.9954037032959486
22.39790378138365,1.02137962772086,0.9992892443755608
22.434506993223383,1.0203334878585244,0.9982052248230024
22.441529205893207,1.021729329415442,0.999607418057894
22.482467007924324,1.0221980605489125,0.9999855326766046
22.48333732664674,1.0242407664604012,1.0019728947214401
22.504148470807742,1.024032805735816,1.00163149665053
22.554263723767193,1.0248862478719742,1.0023389475908546
22.555494552955505,1.0292979740810562,1.0065979880399016
22.59717346446429,1.0281868313593066,1.0054071176715182
22.611584927710144,1.0263629726628505,1.003508720289422
22.623520427717565,1.0274053379091557,1.0044354502186394
22.625419062417272,1.0260724654177358,1.0030516233130748
22.659570390737258,1.0241951117859545,1.0010890104298475
22.71142437576667,1.0208473441141526,0.9977008858352469
22.713108149112497,1.0283600423720258,1.0050464446499863
22.725089916643338,1.0229423243451128,0.9997830093914573
22.743245815746945,1.0243468753417102,1.0011221974041744
22.744462393717477,1.0256546382434264,1.0023743433628072
22.78964451966054,1.0206509439313987,0.9975313694615896
22.79009149426192,1.02095848707193,0.9978011128002838
22.812355028041228,1.0219020882654306,0.9987697969563435
22.820359575720335,1.0217182656269599,0.9985284148020263
22.829390907189357,1.0205257689511809,0.9974465088327289
22.83531769717905,1.0182240702463285,0.9952431187947334
22.835482544001216,1.0228913860775106,0.9998273427609359
22.836552038111133,1.021797401004654,0.9988104917048306
22.84348063130453,1.020505293992746,0.9975664840662002
22.844128071913968,1.0217141887623613,0.9987974680882231
22.845351305700504,1.013572227289366,0.9909416415970048
22.855668082309496,1.0200514946089472,0.9972070656238462
22.88256238425987,1.0190055008489898,0.996256840709468
22.886468871033895,1.0159297279059172,0.9932158624538973
22.929706183924477,1.0216148386019699,0.9987224492078842
22.934658440100318,1.018670538629138,0.9958345227840163
22.991797387453733,1.0254046303565358,1.0024118578061534
22.99284007815246,1.0223217989229008,0.9994713707643814
22.999110581394667,1.0241764565592617,1.0012732750113056
23.01525431270684,1.0223047869482635,0.999413514807414
23.016137708897666,1.0251390007061105,1.0021606300733772
23.02782162372543,1.0267622022777323,1.0036695720382036
23.041411392721187,1.0212549067042587,0.9981324463238948
23.07021716316163,1.0264886831598685,1.003218154301578
23.114138330295567,1.0226497826824383,0.9994485247630657
23.13981865363469,1.0257083784783003,1.002447705549086
23.14313256252358,1.0264228383617142,1.003124667095466
23.156598256587877,1.0235642435615595,1.0002545999774501
23.175164425767615,1.0247495303378975,1.0013879140773718
23.177546449388817,1.0283423932316482,1.0049579936754207
23.185618455221938,1.0269402752408567,1.003665028836973
23.188834272585467,1.0271297066417406,1.0039199020912493
23.190653647114797,1.0282683296522954,1.005134286326511
23.1907546146989,1.0243674315423053,1.001345011329485
23.203219632675033,1.026635804268243,1.0036103746573453
23.20350504337651,1.023402396286161,1.0004842720243374
23.218411003631466,1.0265993314841886,1.0037332843419782
23.230082077159892,1.0214073091691167,0.9986794822917969
23.23467416368487,1.0217974971669754,0.9990998673055951
23.24386217002954,1.0265734234406871,1.0038086386980645
23.247203193148053,1.0241254671205025,1.00141361070322
23.253789328852132,1.0232824966355412,1.0005680065817357
23.271626576657788,1.0215876989297008,0.9988692855296469
23.310540491591656,1.0199466591240272,0.9972095551481862
23.324057635760052,1.0202381881120444,0.9974782333414743
23.340967494487348,1.0199252934910057,0.9971099414802936
23.36160110336182,1.0212976455683334,0.9984649565820735
23.367415991118282,1.0233626467662518,1.00035896348018
23.36831961757014,1.0183326643630075,0.9954067165450162
23.378340374188145,1.0204256357244788,0.9973551561314639
23.39034726285088,1.0217969007414889,0.9985379573503211
23.407650884924283,1.0198585025177074,0.9965519852947756
23.419161621453778,1.0222753328803353,0.9988480718162247
23.438134496057213,1.0183246135201762,0.9948917949217628
23.44200865420652,1.0257559136147878,1.0020570030729865
23.44449717465604,1.021853822082013,0.9982806904322986
23.450414153189993,1.0212081990587518,0.997635799021598
23.461131594911485,1.0201612407697311,0.9965541199315845
23.500003619973246,1.0224477014838476,0.9988007831091836
23.50473175656543,1.0245990765852044,1.0009914626915624
23.525810194485555,1.028673746316913,1.005016769139315
23.535439194842297,1.021643034053437,0.9983332429539722
23.56385437953307,1.02496377723163,1.0016406687449262
23.567730686688797,1.023067737559119,0.9998701498364054
23.573642580958275,1.0231095324750699,1.000046342670306
23.578973825038684,1.0259183126941964,1.0028738167720899
23.628362414577065,1.025368132804278,1.0023932496005463
23.63733472846972,1.0271125209648497,1.0040599682621554
23.637415391452006,1.027925500163501,1.0048903394242341
23.645822684684028,1.0240616532263431,1.0011261061745407
23.671026400602905,1.0252086987431464,1.0021971964557936
23.736845836517404,1.023818705951924,1.0007742196672145
23.77639283876801,1.0186405061003656,0.9956446828931506
23.77875790362332,1.0224090524222453,0.9993362590836468
23.798672246811908,1.0197512287731334,0.9966841513214592
23.821454732308638,1.0212721166956271,0.9981578691370033
23.833250586829195,1.0213993516603606,0.9981696983469863
23.868081882225457,1.0173983731605398,0.9941782784545671
23.903824309428767,1.0191609356847602,0.9958001154671504
23.919947242435363,1.0224828300494178,0.99898068538771
23.940310476316775,1.0239993279181054,1.0002997164937533
23.959496208341704,1.0266274862199352,1.0027352352052492
23.96502343262992,1.0237382079780293,0.9997848449148219
23.97213340225801,1.021983965304537,0.9979243611299158
23.993753536906826,1.022275820136642,0.998100721742589
24.018085529340414,1.0225026148728418,0.9981803264337578
24.089852532437042,1.0292185232462692,1.0045976836384745
24.112274910152106,1.0247208562724885,1.0000770737048923
24.12150740416264,1.0259449246055017,1.0012024684064673
24.134364932588255,1.027253016400907,1.0024146992546579
24.161700360748487,1.0298140031961678,1.0048124209517704
24.164413772922313,1.0284625846761433,1.0034658924238864
24.203493131451474,1.0260445764327222,1.0011022296038166
24.2271785729375,1.0268224920476012,1.001848367444076
24.239324093509,1.028982511836943,1.0039654988862463
24.23965802608262,1.0244611699131896,0.9995474388230213
24.265242695675017,1.0264881166457822,1.001548441470854
24.281464376467053,1.0248587945553223,0.9999162827601684
24.283573333353992,1.0260369862701597,1.0010578741453577
24.298868888438257,1.0233354073745473,0.9984715948728615
24.351607061838106,1.0205490297822375,0.9957877922458002
24.358631044352553,1.0197516166900422,0.99498744764078
24.369026542169458,1.0213752230347688,0.9966106547363955
24.385798501043418,1.019742424664506,0.9950718623420732
24.4110838549536,1.0191652252950854,0.9945822912742506
24.414101839733878,1.02673716338364,1.001899514139344
24.43576836219437,1.0206633250480497,0.9959659382115368
24.444222542863468,1.0217683610046886,0.9970618997783042
24.51629925890208,1.0255994535691566,1.0007552421064048
24.538728495464927,1.0297516855137923,1.0048622700433432
24.56229587517013,1.0282128697000124,1.003319007833055
24.56653480947564,1.029788528720814,1.0047432258851017
24.576337610824382,1.0275971240922899,1.0026066447139999
24.62433286780702,1.0279224055416507,1.0028699130166798
24.627567279895985,1.02829600028695,1.003232159956379
24.63453977889123,1.030322542953457,1.0052101146113306
24.668475784744796,1.0257000310942874,1.000588703725946
24.689190440321333,1.0258299867034693,1.0005846131445884
24.714571678888277,1.0281007471384949,1.0026624077351771
24.722414787010713,1.0287519066049888,1.0032616692022363
24.734466723831993,1.0225929926304216,0.9971812790962371
24.738477701550032,1.0243538068370603,0.9988964035386491
24.74696603102076,1.025975917952781,1.0004221341696546
24.754472989348383,1.0258821828413982,1.0004291487137378
24.754917202364954,1.0270022596631443,1.0015753836245695
24.788619430895878,1.0263103451757725,1.0009683552322255
24.790317793773077,1.0225025581662472,0.9972825332728116
24.7909851059159,1.0255026055426668,1.0002947778824884
24.79673163075209,1.0213381018881071,0.9963392469118362
24.807040502196482,1.0248722471919498,0.9999490503129974
24.82575659084554,1.0219235594128286,0.9971329984198295
24.844029203493132,1.02284081875516,0.9981213579091683
24.848921690644676,1.023443037145399,0.9987017405835528
24.855171389573,1.0235684738743798,0.998857831183763
24.86927612759749,1.0224721941128783,0.9978874963166442
24.891836263980462,1.022452094604867,0.9979417171965891
24.893432153748016,1.0192941740788213,0.9949468336434977
24.904323573971496,1.0228488225041323,0.9984567279130339
24.950308869846783,1.0217483708196937,0.9973606417138663
24.950539226339338,1.022068208436968,0.9976458835202461
24.96290088942391,1.0242802764877479,0.9997646776437843
24.978577219577623,1.0272066196934864,1.0025032607303903
25.041284961191597,1.0283496065786921,1.003490861000468
25.04268577681467,1.026264403235785,1.0013811383250972
25.044567648535516,1.026074954280369,1.0011553639641846
25.044774484107982,1.0250085613071716,0.9999923448008485
25.045128794372417,1.0265362632382133,1.0014226073182428
25.10361862840386,1.0230964104372164,0.9980084484524923
25.103786040107018,1.0274733964417064,1.0021907114408637
25.15597783996012,1.0263483803288187,1.0010418866885593
25.16216799807031,1.0272003727612637,1.0018819011689628
25.16639606218559,1.024441835059334,0.9991916961843335
25.1734678616362,1.0265077518488848,1.0012290406667326
25.186748380733036,1.0300432866887694,1.0046528283931089
25.188074499820004,1.0274314494395964,1.0021446267951106
25.1941663956824,1.0246911625991328,0.9995388692652911
25.220395050478725,1.0252475598662754,1.0
25.231564197802715,1.0260834386413655,1.0008398348977179
25.26299759864726,1.020161350277211,0.9951076735876898
25.27686278623358,1.0290146148872004,1.0037835039155276
25.284740030316748,1.0245918089548411,0.999454608463532
25.308790457887135,1.023894973801461,0.9987984874339004
25.317045633346087,1.0247541443382584,0.9996125333029182
25.327934464010387,1.0240820028135296,0.9990019964330732
25.334527537253496,1.0257017150882601,1.0005751152675686
25.360987211080996,1.0258964004329127,1.0007206895142493
25.36761709386419,1.0207986157509878,0.9957388611327447
25.380783403063386,1.0185102691764323,0.9935492747032024
25.419608929949177,1.019442621705106,0.9944499291640878
25.42878803923887,1.0274037444987176,1.0021503445065871
25.435516023892664,1.0209819312702377,0.9957860648502519
25.46587542178124,1.0270813422416856,1.001732225203511
25.466415078883124,1.02195286114421,0.9966517534440091
25.477598113505753,1.0271004951252618,1.001568960110793
25.49232049150475,1.027668269670971,1.0020649971807132
25.497869569701933,1.0258150547005618,1.0001301382193357
25.500386608517665,1.0242114359312688,0.9985327622500181
25.509001469686943,1.028152488261599,1.0022949750687276
25.521389143517275,1.02523662864079,0.9993663003556352
25.549348887107033,1.0304390985141203,1.004363584389482
25.57082224323751,1.0267309813450682,1.0006683090420596
25.572227577500698,1.0306643225563001,1.0044817883212864
25.58470954871107,1.0267152622233264,1.0005907417368123
25.602814033689814,1.026823278463016,1.0006466141558112
25.60787873978992,1.0296976756499951,1.0034254053884821
25.60963253477413,1.028284011125753,1.0020992089115088
25.616460777143857,1.0295330082871357,1.0033608809646206
25.65679387686707,1.033637571692994,1.0074606775260047
25.694885974928802,1.025421481343796,0.9995063715842545
25.704289574168236,1.0263346032608127,1.0004963484048743
25.717199430315517,1.0269596366104503,1.0011860104261505
25.720272857015026,1.0245585974610072,0.9988180820664171
25.740580326907008,1.022720038393476,0.9970405385462954
25.749822220874627,1.0239274855277256,0.9982069667495359
25.753096889490863,1.0271881246618044,1.0013875763027118
25.76188716025841,1.0240100150896572,0.9982549622197918
25.768214283841466,1.0238111616412109,0.9980606716303743
25.775093211123487,1.0259308019891515,1.000107570540526
25.794885694081525,1.0222615128939505,0.9965902819363296
25.803701266706515,1.0258168277474158,1.000042385489849
25.82042475032194,1.0273734193138646,1.0015036022789139
25.838836846358177,1.0236937276418137,0.9978887755756801
25.861809819763785,1.0237544444799365,0.9978716276405648
25.870855099631147,1.02140655060227,0.9955100365461854
25.879763061585003,1.0234142275260516,0.9973459040201252
25.902321081990216,1.0240218991218484,0.997872194040829
25.917288223296882,1.020802412108821,0.9946720795533185
25.918356610560604,1.0214718464734833,0.9952743906474685
25.968197779218684,1.023249493119654,0.9969311736415583
26.00112058179097,1.026553361656631,1.0001721177645517
26.066638735640826,1.02734198915418,1.0008404795825623
26.078930437223356,1.0290823361797852,1.0024737601574476
26.09764314895957,1.0280479421271373,1.0014530202605487
26.118770912352364,1.0313990794451209,1.0047146341260285
26.12078828157719,1.028840637563109,1.0021836746380102
26.122346283773297,1.027167259656931,1.0004398902827119
26.122528616835414,1.0324464436953127,1.0055576815454084
26.192660683126576,1.03236800805756,1.0055367412647418
26.20197779895,1.0295030431968788,1.0028635328289837
26.21824579377348,1.028365957516766,1.0018374484045145
26.226827964488347,1.027091839465367,1.0005816670134324
26.230168612520686,1.027913019412225,1.0014808152304724
26.246652621155793,1.0242786407351856,0.9979100901318562
26.247604605535855,1.0240767920467706,0.9976841800152397
26.257964181918638,1.0271618210074251,1.00066104549004
26.2608612869239,1.0235058886305548,0.9970717190188371
26.261094918096344,1.0295045697665817,1.0028885835896375
26.31935386004615,1.022467688826589,0.9960080577027997
26.3431241915332,1.0246877272673804,0.9981463043123842
26.379778951624594,1.0209194714669847,0.9944528310140854
26.383461443090006,1.0233770186674196,0.9968253716662325
26.386118795655886,1.024267375499758,0.9976730449888621
26.42482374989328,1.0231542767186672,0.9965711639126162
26.426143936668673,1.0227810696947592,0.9961920036303347
26.45693031376947,1.0243896064935307,0.9977452283186523
26.475719362045766,1.0282003382707932,1.001445634323197
26.4761282356737,1.0276235916210037,1.0008751778811495
26.48063335638462,1.0279731256354536,1.0012095290571674
26.4901798784919,1.0281904961404638,1.001417940080916
26.51985045356759,1.030275164031678,1.0034479609266358
26.530809800054097,1.0292382953960724,1.0024408146187669
26.555083448496,1.0238256109781687,0.9971749866086529
26.55803389261653,1.0297218312208243,1.00292708047267
26.571463776639824,1.029652438332521,1.0028723875138936
26.610114211489034,1.0288995858310332,1.0021556882908869
26.63765700571224,1.026392280709821,0.9997339155192263
26.658479641420552,1.0277324444833553,1.0010636424407922
26.674274783703897,1.0281166491764029,1.0014663932056953
26.681803477941244,1.0303451901248504,1.0036700403668068
26.684870434804463,1.0299527159805593,1.0033250326765613
26.68532632063614,1.026183768840856,0.9996952733614299
26.703931699673085,1.029211957384637,1.0026919114797341
26.73645300578013,1.0230654669118215,0.9967550022614536
26.763471309194806,1.0250785726288953,0.9987726661598743
26.77676164973336,1.0254423067420457,0.9991885952369294
26.77872516349596,1.026914668091291,1.0006902168396812
26.796917769977878,1.0243290736212791,0.9982429152303238
26.811898049559378,1.025562331677336,0.9995227528612853
26.83714233097799,1.0245130718008955,0.9985838224849587
26.838122551229752,1.0249050983834693,0.9990555838304639
26.8544804454268,1.0250808885467324,0.9993227022885584
26.86394776744084,1.0231575217184241,0.9975494795297178
26.87467901491847,1.0254936563417647,0.9999355898923307
26.886107253652572,1.0269046065853584,1.0014265324587277
26.888249118170847,1.0235104900889784,0.9982380968467984
26.894330838931285,1.019370722525783,0.9943283488757232
26.907366540554264,1.0253888104845381,1.0003341656669757
26.958396402262107,1.0254290859236266,1.000516207163216
26.970796961265535,1.0267830993550342,1.0019876017811689
26.9784340897849,1.0245054598540193,0.9999223866256376
26.985802679014892,1.0254496104845598,1.001009092221919
26.990394771911202,1.026663074445848,1.0023668494317417
